FILENAME,IDENTITY
VALIDATION_0001.jpg,BILEL
VALIDATION_0002.jpg,LAUMIONIER
VALIDATION_0004.jpg,JEAN-ROCH
VALIDATION_0005.jpg,RUPP
VALIDATION_0010.jpg,JEAN-MICHEL
VALIDATION_0018.jpg,MINETTE
VALIDATION_0021.jpg,DIBENEDETTO
VALIDATION_0022.jpg,MATHIS
VALIDATION_0024.jpg,SEVESTRE
VALIDATION_0025.jpg,DAVANLAY
TRAIN_00003.jpg,BENES
TRAIN_00006.jpg,LUCIE
TRAIN_00011.jpg,EMMA
TRAIN_00013.jpg,ELISE
TRAIN_00014.jpg,HONNERT
TRAIN_00017.jpg,PAULINE
TRAIN_00020.jpg,ROMAIN
TRAIN_00022.jpg,CYRIELLE
TRAIN_00023.jpg,LILOU
TRAIN_00025.jpg,MITHIEUX
TRAIN_00027.jpg,THOMAS
TRAIN_00028.jpg,ANAIS
TRAIN_00030.jpg,JAFFEUX
TRAIN_00033.jpg,ROMANE
TRAIN_00034.jpg,BRUGERIE
TRAIN_00036.jpg,LORENTIN
TRAIN_00037.jpg,ELISA
TRAIN_00040.jpg,MAUPAS
TRAIN_00041.jpg,MEISSA
TRAIN_00042.jpg,REBACH
TRAIN_00043.jpg,ERWAN
TRAIN_00044.jpg,AMBROISE
TRAIN_00048.jpg,ELBAKKALI
TRAIN_00049.jpg,BENZINA
TRAIN_00050.jpg,LAQUERRIERE
TRAIN_00051.jpg,YAEL
TRAIN_00052.jpg,VITRE
TRAIN_00053.jpg,GUILLOT GOGUET
TRAIN_00055.jpg,MATHEO
TRAIN_00056.jpg,SHA I
TRAIN_00057.jpg,VICTORIA
TRAIN_00059.jpg,BARBIER
TRAIN_00061.jpg,DUPRAT
TRAIN_00062.jpg,LABARH
TRAIN_00063.jpg,REMI
TRAIN_00065.jpg,ARGITXU
TRAIN_00074.jpg,RODRIGUES
TRAIN_00075.jpg,AUBANE
TRAIN_00076.jpg,ELISA
TRAIN_00077.jpg,ACHOURI
TRAIN_00080.jpg,ANTOINE
TRAIN_00086.jpg,JULIE
TRAIN_00089.jpg,BGUGEAU
TRAIN_00091.jpg,TROUVAT
TRAIN_00093.jpg,CORALIE
TRAIN_00096.jpg,ASHLEY
TRAIN_00099.jpg,AMBROSS
TRAIN_00100.jpg,GAROT
TEST_0001.jpg,KEVIN
TEST_0003.jpg,LENA
TEST_0004.jpg,JULES
TEST_0005.jpg,CHERPIN
TEST_0007.jpg,VALENTINE
TEST_0012.jpg,MAHENTHIRAN
TEST_0018.jpg,CORNIL FRERROT
